Workbook

Sheet lr
A1: 3 | B1: 5000 | C1: 4426 | D1: =POWER(C1-B1,2) -> 329476 | E1: =ABS(B1-C1) -> 574 | F1: =IF(E1/B1<=0.2,1,0) -> 1
A2: 3 | B2: 5000 | C2: 4141 | D2: =POWER(C2-B2,2) -> 737881 | E2: =ABS(B2-C2) -> 859 | F2: =IF(E2/B2<=0.2,1,0) -> 1
A3: 3 | B3: 5000 | C3: 4173 | D3: =POWER(C3-B3,2) -> 683929 | E3: =ABS(B3-C3) -> 827 | F3: =IF(E3/B3<=0.2,1,0) -> 1
A4: 3 | B4: 5000 | C4: 4285 | D4: =POWER(C4-B4,2) -> 511225 | E4: =ABS(B4-C4) -> 715 | F4: =IF(E4/B4<=0.2,1,0) -> 1
A5: 3 | B5: 5000 | C5: 4214 | D5: =POWER(C5-B5,2) -> 617796 | E5: =ABS(B5-C5) -> 786 | F5: =IF(E5/B5<=0.2,1,0) -> 1
A6: 3 | B6: 5000 | C6: 4421 | D6: =POWER(C6-B6,2) -> 335241 | E6: =ABS(B6-C6) -> 579 | F6: =IF(E6/B6<=0.2,1,0) -> 1
A7: 3 | B7: 5000 | C7: 4908 | D7: =POWER(C7-B7,2) -> 8464 | E7: =ABS(B7-C7) -> 92 | F7: =IF(E7/B7<=0.2,1,0) -> 1
A8: 3 | B8: 5000 | C8: 4115 | D8: =POWER(C8-B8,2) -> 783225 | E8: =ABS(B8-C8) -> 885 | F8: =IF(E8/B8<=0.2,1,0) -> 1
A9: 3 | B9: 5000 | C9: 5320 | D9: =POWER(C9-B9,2) -> 102400 | E9: =ABS(B9-C9) -> 320 | F9: =IF(E9/B9<=0.2,1,0) -> 1
A10: 3 | B10: 5000 | C10: 5258 | D10: =POWER(C10-B10,2) -> 66564 | E10: =ABS(B10-C10) -> 258 | F10: =IF(E10/B10<=0.2,1,0) -> 1
A11: 3 | B11: 5000 | C11: 4016 | D11: =POWER(C11-B11,2) -> 968256 | E11: =ABS(B11-C11) -> 984 | F11: =IF(E11/B11<=0.2,1,0) -> 1
A12: 3 | B12: 5000 | C12: 4110 | D12: =POWER(C12-B12,2) -> 792100 | E12: =ABS(B12-C12) -> 890 | F12: =IF(E12/B12<=0.2,1,0) -> 1
... A30: 3 | B30: 5000 | C30: 4073 | D30: =POWER(C30-B30,2) -> 859329 | E30: =ABS(B30-C30) -> 927 | F30: =IF(E30/B30<=0.2,1,0) -> 1

Sheet ridge
A1: 3 | B1: 5000 | C1: 4134 | D1: =POWER(C1-B1,2) -> 749956 | E1: =ABS(B1-C1) -> 866 | F1: =IF(E1/B1<=0.2,1,0) -> 1
A2: 3 | B2: 5000 | C2: 4009 | D2: =POWER(C2-B2,2) -> 982081 | E2: =ABS(B2-C2) -> 991 | F2: =IF(E2/B2<=0.2,1,0) -> 1
A3: 3 | B3: 5000 | C3: 3533 | D3: =POWER(C3-B3,2) -> 2152089 | E3: =ABS(B3-C3) -> 1467 | F3: =IF(E3/B3<=0.2,1,0) -> 0
A4: 3 | B4: 5000 | C4: 4018 | D4: =POWER(C4-B4,2) -> 964324 | E4: =ABS(B4-C4) -> 982 | F4: =IF(E4/B4<=0.2,1,0) -> 1
A5: 3 | B5: 5000 | C5: 3939 | D5: =POWER(C5-B5,2) -> 1125721 | E5: =ABS(B5-C5) -> 1061 | F5: =IF(E5/B5<=0.2,1,0) -> 0
A6: 3 | B6: 5000 | C6: 4017 | D6: =POWER(C6-B6,2) -> 966289 | E6: =ABS(B6-C6) -> 983 | F6: =IF(E6/B6<=0.2,1,0) -> 1
A7: 3 | B7: 5000 | C7: 3963 | D7: =POWER(C7-B7,2) -> 1075369 | E7: =ABS(B7-C7) -> 1037 | F7: =IF(E7/B7<=0.2,1,0) -> 0
A8: 3 | B8: 5000 | C8: 4023 | D8: =POWER(C8-B8,2) -> 954529 | E8: =ABS(B8-C8) -> 977 | F8: =IF(E8/B8<=0.2,1,0) -> 1
A9: 3 | B9: 5000 | C9: 4002 | D9: =POWER(C9-B9,2) -> 996004 | E9: =ABS(B9-C9) -> 998 | F9: =IF(E9/B9<=0.2,1,0) -> 1
A10: 3 | B10: 5000 | C10: 3951 | D10: =POWER(C10-B10,2) -> 1100401 | E10: =ABS(B10-C10) -> 1049 | F10: =IF(E10/B10<=0.2,1,0) -> 0
A11: 3 | B11: 5000 | C11: 4040 | D11: =POWER(C11-B11,2) -> 921600 | E11: =ABS(B11-C11) -> 960 | F11: =IF(E11/B11<=0.2,1,0) -> 1
A12: 3 | B12: 5000 | C12: 4013 | D12: =POWER(C12-B12,2) -> 974169 | E12: =ABS(B12-C12) -> 987 | F12: =IF(E12/B12<=0.2,1,0) -> 1
... A30: 3 | B30: 5000 | C30: 3980 | D30: =POWER(C30-B30,2) -> 1040400 | E30: =ABS(B30-C30) -> 1020 | F30: =IF(E30/B30<=0.2,1,0) -> 0

Sheet ridgecv
A1: 3 | B1: 5000 | C1: 4438 | D1: =POWER(C1-B1,2) -> 315844 | E1: =ABS(B1-C1) -> 562 | F1: =IF(E1/B1<=0.2,1,0) -> 1
A2: 3 | B2: 5000 | C2: 4131 | D2: =POWER(C2-B2,2) -> 755161 | E2: =ABS(B2-C2) -> 869 | F2: =IF(E2/B2<=0.2,1,0) -> 1
A3: 3 | B3: 5000 | C3: 3992 | D3: =POWER(C3-B3,2) -> 1016064 | E3: =ABS(B3-C3) -> 1008 | F3: =IF(E3/B3<=0.2,1,0) -> 0
A4: 3 | B4: 5000 | C4: 3982 | D4: =POWER(C4-B4,2) -> 1036324 | E4: =ABS(B4-C4) -> 1018 | F4: =IF(E4/B4<=0.2,1,0) -> 0
A5: 3 | B5: 5000 | C5: 4099 | D5: =POWER(C5-B5,2) -> 811801 | E5: =ABS(B5-C5) -> 901 | F5: =IF(E5/B5<=0.2,1,0) -> 1
A6: 3 | B6: 5000 | C6: 4173 | D6: =POWER(C6-B6,2) -> 683929 | E6: =ABS(B6-C6) -> 827 | F6: =IF(E6/B6<=0.2,1,0) -> 1
A7: 3 | B7: 5000 | C7: 4131 | D7: =POWER(C7-B7,2) -> 755161 | E7: =ABS(B7-C7) -> 869 | F7: =IF(E7/B7<=0.2,1,0) -> 1
A8: 3 | B8: 5000 | C8: 3509 | D8: =POWER(C8-B8,2) -> 2223081 | E8: =ABS(B8-C8) -> 1491 | F8: =IF(E8/B8<=0.2,1,0) -> 0
A9: 3 | B9: 5000 | C9: 4112 | D9: =POWER(C9-B9,2) -> 788544 | E9: =ABS(B9-C9) -> 888 | F9: =IF(E9/B9<=0.2,1,0) -> 1
A10: 3 | B10: 5000 | C10: 4118 | D10: =POWER(C10-B10,2) -> 777924 | E10: =ABS(B10-C10) -> 882 | F10: =IF(E10/B10<=0.2,1,0) -> 1
A11: 3 | B11: 5000 | C11: 4007 | D11: =POWER(C11-B11,2) -> 986049 | E11: =ABS(B11-C11) -> 993 | F11: =IF(E11/B11<=0.2,1,0) -> 1
A12: 3 | B12: 5000 | C12: 4095 | D12: =POWER(C12-B12,2) -> 819025 | E12: =ABS(B12-C12) -> 905 | F12: =IF(E12/B12<=0.2,1,0) -> 1
... A30: 3 | B30: 5000 | C30: 3957 | D30: =POWER(C30-B30,2) -> 1087849 | E30: =ABS(B30-C30) -> 1043 | F30: =IF(E30/B30<=0.2,1,0) -> 0

Sheet sgd
A1: 3 | B1: 5000 | C1: 4149 | D1: =POWER(C1-B1,2) -> 724201 | E1: =ABS(B1-C1) -> 851 | F1: =IF(E1/B1<=0.2,1,0) -> 1
A2: 3 | B2: 5000 | C2: 4063 | D2: =POWER(C2-B2,2) -> 877969 | E2: =ABS(B2-C2) -> 937 | F2: =IF(E2/B2<=0.2,1,0) -> 1
A3: 3 | B3: 5000 | C3: 4352 | D3: =POWER(C3-B3,2) -> 419904 | E3: =ABS(B3-C3) -> 648 | F3: =IF(E3/B3<=0.2,1,0) -> 1
A4: 3 | B4: 5000 | C4: 5273 | D4: =POWER(C4-B4,2) -> 74529 | E4: =ABS(B4-C4) -> 273 | F4: =IF(E4/B4<=0.2,1,0) -> 1
A5: 3 | B5: 5000 | C5: 5360 | D5: =POWER(C5-B5,2) -> 129600 | E5: =ABS(B5-C5) -> 360 | F5: =IF(E5/B5<=0.2,1,0) -> 1
A6: 3 | B6: 5000 | C6: 5197 | D6: =POWER(C6-B6,2) -> 38809 | E6: =ABS(B6-C6) -> 197 | F6: =IF(E6/B6<=0.2,1,0) -> 1
A7: 3 | B7: 5000 | C7: 4768 | D7: =POWER(C7-B7,2) -> 53824 | E7: =ABS(B7-C7) -> 232 | F7: =IF(E7/B7<=0.2,1,0) -> 1
A8: 3 | B8: 5000 | C8: 4955 | D8: =POWER(C8-B8,2) -> 2025 | E8: =ABS(B8-C8) -> 45 | F8: =IF(E8/B8<=0.2,1,0) -> 1
A9: 3 | B9: 5000 | C9: 5464 | D9: =POWER(C9-B9,2) -> 215296 | E9: =ABS(B9-C9) -> 464 | F9: =IF(E9/B9<=0.2,1,0) -> 1
A10: 3 | B10: 5000 | C10: 5195 | D10: =POWER(C10-B10,2) -> 38025 | E10: =ABS(B10-C10) -> 195 | F10: =IF(E10/B10<=0.2,1,0) -> 1
A11: 3 | B11: 5000 | C11: 3988 | D11: =POWER(C11-B11,2) -> 1024144 | E11: =ABS(B11-C11) -> 1012 | F11: =IF(E11/B11<=0.2,1,0) -> 0
A12: 3 | B12: 5000 | C12: 4768 | D12: =POWER(C12-B12,2) -> 53824 | E12: =ABS(B12-C12) -> 232 | F12: =IF(E12/B12<=0.2,1,0) -> 1
... A30: 3 | B30: 5000 | C30: 5405 | D30: =POWER(C30-B30,2) -> 164025 | E30: =ABS(B30-C30) -> 405 | F30: =IF(E30/B30<=0.2,1,0) -> 1

Sheet pid
A1: 1 | B1: 5000 | C1: 1096 | D1: =POWER(C1-B1,2) -> 15241216 | E1: =ABS(B1-C1) -> 3904 | F1: =IF(E1/B1<=0.2,1,0) -> 0
A2: 12 | B2: 5000 | C2: 8943 | D2: =POWER(C2-B2,2) -> 15547249 | E2: =ABS(B2-C2) -> 3943 | F2: =IF(E2/B2<=0.2,1,0) -> 0
A3: 1 | B3: 5000 | C3: 642 | D3: =POWER(C3-B3,2) -> 18992164 | E3: =ABS(B3-C3) -> 4358 | F3: =IF(E3/B3<=0.2,1,0) -> 0
A4: 14 | B4: 5000 | C4: 10152 | D4: =POWER(C4-B4,2) -> 26543104 | E4: =ABS(B4-C4) -> 5152 | F4: =IF(E4/B4<=0.2,1,0) -> 0
A5: 1 | B5: 5000 | C5: 698 | D5: =POWER(C5-B5,2) -> 18507204 | E5: =ABS(B5-C5) -> 4302 | F5: =IF(E5/B5<=0.2,1,0) -> 0
A6: 13 | B6: 5000 | C6: 9133 | D6: =POWER(C6-B6,2) -> 17081689 | E6: =ABS(B6-C6) -> 4133 | F6: =IF(E6/B6<=0.2,1,0) -> 0
A7: 1 | B7: 5000 | C7: 571 | D7: =POWER(C7-B7,2) -> 19616041 | E7: =ABS(B7-C7) -> 4429 | F7: =IF(E7/B7<=0.2,1,0) -> 0
A8: 14 | B8: 5000 | C8: 8488 | D8: =POWER(C8-B8,2) -> 12166144 | E8: =ABS(B8-C8) -> 3488 | F8: =IF(E8/B8<=0.2,1,0) -> 0
A9: 1 | B9: 5000 | C9: 702 | D9: =POWER(C9-B9,2) -> 18472804 | E9: =ABS(B9-C9) -> 4298 | F9: =IF(E9/B9<=0.2,1,0) -> 0
A10: 14 | B10: 5000 | C10: 13487 | D10: =POWER(C10-B10,2) -> 72029169 | E10: =ABS(B10-C10) -> 8487 | F10: =IF(E10/B10<=0.2,1,0) -> 0
A11: 1 | B11: 5000 | C11: 2258 | D11: =POWER(C11-B11,2) -> 7518564 | E11: =ABS(B11-C11) -> 2742 | F11: =IF(E11/B11<=0.2,1,0) -> 0
A12: 7 | B12: 5000 | C12: 10724 | D12: =POWER(C12-B12,2) -> 32764176 | E12: =ABS(B12-C12) -> 5724 | F12: =IF(E12/B12<=0.2,1,0) -> 0
... A30: 10 | B30: 5000 | C30: 6795 | D30: =POWER(C30-B30,2) -> 3222025 | E30: =ABS(B30-C30) -> 1795 | F30: =IF(E30/B30<=0.2,1,0) -> 0

Sheet Analysis
B1: RMSE | C1: NRMSE | D1: Goal Range
A2: LR | B2: =SQRT(SUM(lr!D1:D30)/30) -> 897.31906 | C2: =B2/MEDIAN(lr!C1:C30) -> 0.21774304 | D2: =SUM(lr!F1:F30)/30 -> 0.86666667
A3: Ridge | B3: =SQRT(SUM(ridge!D1:D30)/30) -> 1113.5461 | C3: =B2/MEDIAN(ridge!C1:C30) -> 0.22463864 | D3: =SUM(ridge!F1:F30)/30 -> 0.5
A4: RidgeCV | B4: =SQRT(SUM(ridgecv!D1:D30)/30) -> 957.28458 | C4: =B2/MEDIAN(ridgecv!C1:C30) -> 0.21901857 | D4: =SUM(ridgecv!F1:F30)/30 -> 0.8
A5: Sgd | B5: =SQRT(SUM(sgd!D1:D30)/30) -> 873.46341 | C5: =B2/MEDIAN(sgd!C1:C30) -> 0.21766381 | D5: =SUM(sgd!F1:F30)/30 -> 0.66666667
A6: PID | B6: =SQRT(SUM(pid!D1:D30)/30) -> 4223.63 | C6: =B2/MEDIAN(pid!C1:C30) -> 0.20264658 | D6: =SUM(pid!F1:F30)/30 -> 0
