Workbook

Sheet optuna
A1: # | B1: PC | C1: Setpoint | D1: Rate | E1: Error | F1: Error^2 | G1: RMSE | H1: Goal Range (20%) | I1: Goal Range (10%)
A2: 1 | B2: 1 | C2: 5000 | D2: 2568 | E2: =ABS(C2-D2) -> 2432 | F2: =POWER(E2,2) -> 5914624 | G2: =SQRT(SUM($F$2:F2)/A2) -> 2432 | H2: =IF(ABS(E2)/C2>0.2,0,1) -> 0 | I2: =IF(ABS(E2)/C2>0.1,0,1) -> 0
A3: 2 | B3: 3 | C3: 5000 | D3: 3624 | E3: =ABS(C3-D3) -> 1376 | F3: =POWER(E3,2) -> 1893376 | G3: =SQRT(SUM($F$2:F3)/A3) -> 1975.8542 | H3: =IF(ABS(E3)/C3>0.2,0,1) -> 0 | I3: =IF(ABS(E3)/C3>0.1,0,1) -> 0
A4: 3 | B4: 2 | C4: 5000 | D4: 2157 | E4: =ABS(C4-D4) -> 2843 | F4: =POWER(E4,2) -> 8082649 | G4: =SQRT(SUM($F$2:F4)/A4) -> 2301.4958 | H4: =IF(ABS(E4)/C4>0.2,0,1) -> 0 | I4: =IF(ABS(E4)/C4>0.1,0,1) -> 0
A5: 4 | B5: 5 | C5: 5000 | D5: 3540 | E5: =ABS(C5-D5) -> 1460 | F5: =POWER(E5,2) -> 2131600 | G5: =SQRT(SUM($F$2:F5)/A5) -> 2122.631 | H5: =IF(ABS(E5)/C5>0.2,0,1) -> 0 | I5: =IF(ABS(E5)/C5>0.1,0,1) -> 0
A6: 5 | B6: 4 | C6: 5000 | D6: 3428 | E6: =ABS(C6-D6) -> 1572 | F6: =POWER(E6,2) -> 2471184 | G6: =SQRT(SUM($F$2:F6)/A6) -> 2024.5213 | H6: =IF(ABS(E6)/C6>0.2,0,1) -> 0 | I6: =IF(ABS(E6)/C6>0.1,0,1) -> 0
A7: 6 | B7: 4 | C7: 5000 | D7: 3381 | E7: =ABS(C7-D7) -> 1619 | F7: =POWER(E7,2) -> 2621161 | G7: =SQRT(SUM($F$2:F7)/A7) -> 1962.7614 | H7: =IF(ABS(E7)/C7>0.2,0,1) -> 0 | I7: =IF(ABS(E7)/C7>0.1,0,1) -> 0
A8: 7 | B8: 5 | C8: 5000 | D8: 4128 | E8: =ABS(C8-D8) -> 872 | F8: =POWER(E8,2) -> 760384 | G8: =SQRT(SUM($F$2:F8)/A8) -> 1846.8111 | H8: =IF(ABS(E8)/C8>0.2,0,1) -> 1 | I8: =IF(ABS(E8)/C8>0.1,0,1) -> 0
A9: 8 | B9: 4 | C9: 5000 | D9: 3589 | E9: =ABS(C9-D9) -> 1411 | F9: =POWER(E9,2) -> 1990921 | G9: =SQRT(SUM($F$2:F9)/A9) -> 1798.1205 | H9: =IF(ABS(E9)/C9>0.2,0,1) -> 0 | I9: =IF(ABS(E9)/C9>0.1,0,1) -> 0
A10: 9 | B10: 5 | C10: 5000 | D10: 3885 | E10: =ABS(C10-D10) -> 1115 | F10: =POWER(E10,2) -> 1243225 | G10: =SQRT(SUM($F$2:F10)/A10) -> 1735.5474 | H10: =IF(ABS(E10)/C10>0.2,0,1) -> 0 | I10: =IF(ABS(E10)/C10>0.1,0,1) -> 0
A11: 10 | B11: 5 | C11: 5000 | D11: 4335 | E11: =ABS(C11-D11) -> 665 | F11: =POWER(E11,2) -> 442225 | G11: =SQRT(SUM($F$2:F11)/A11) -> 1659.8599 | H11: =IF(ABS(E11)/C11>0.2,0,1) -> 1 | I11: =IF(ABS(E11)/C11>0.1,0,1) -> 0
A12: 11 | B12: 5 | C12: 5000 | D12: 3929 | E12: =ABS(C12-D12) -> 1071 | F12: =POWER(E12,2) -> 1147041 | G12: =SQRT(SUM($F$2:F12)/A12) -> 1615.2228 | H12: =IF(ABS(E12)/C12>0.2,0,1) -> 0 | I12: =IF(ABS(E12)/C12>0.1,0,1) -> 0
A13: 12 | B13: 6 | C13: 5000 | D13: 4786 | E13: =ABS(C13-D13) -> 214 | F13: =POWER(E13,2) -> 45796 | G13: =SQRT(SUM($F$2:F13)/A13) -> 1547.6915 | H13: =IF(ABS(E13)/C13>0.2,0,1) -> 1 | I13: =IF(ABS(E13)/C13>0.1,0,1) -> 1
... A1001: 1000 | B1001: 7 | C1001: 5000 | D1001: 4211 | E1001: =ABS(C1001-D1001) -> 789 | F1001: =POWER(E1001,2) -> 622521 | G1001: =SQRT(SUM($F$2:F1001)/A1001) -> 1155.8877 | H1001: =IF(ABS(E1001)/C1001>0.2,0,1) -> 1 | I1001: =IF(ABS(E1001)/C1001>0.1,0,1) -> 0

Sheet rl
A1: # | B1: PC | C1: Setpoint | D1: Rate | E1: Error | F1: Error^2 | G1: RMSE | H1: Goal Range (20%) | I1: Goal Range (10%)
A2: 1 | B2: 1 | C2: 5000 | D2: 1229 | E2: =ABS(C2-D2) -> 3771 | F2: =POWER(E2,2) -> 14220441 | G2: =SQRT(SUM($F$2:F2)/A2) -> 3771 | H2: =IF(ABS(E2)/C2>0.2,0,1) -> 0 | I2: =IF(ABS(E2)/C2>0.1,0,1) -> 0
A3: 2 | B3: 5 | C3: 5000 | D3: 3560 | E3: =ABS(C3-D3) -> 1440 | F3: =POWER(E3,2) -> 2073600 | G3: =SQRT(SUM($F$2:F3)/A3) -> 2854.2986 | H3: =IF(ABS(E3)/C3>0.2,0,1) -> 0 | I3: =IF(ABS(E3)/C3>0.1,0,1) -> 0
A4: 3 | B4: 3 | C4: 5000 | D4: 2319 | E4: =ABS(C4-D4) -> 2681 | F4: =POWER(E4,2) -> 7187761 | G4: =SQRT(SUM($F$2:F4)/A4) -> 2797.7254 | H4: =IF(ABS(E4)/C4>0.2,0,1) -> 0 | I4: =IF(ABS(E4)/C4>0.1,0,1) -> 0
A5: 4 | B5: 5 | C5: 5000 | D5: 3169 | E5: =ABS(C5-D5) -> 1831 | F5: =POWER(E5,2) -> 3352561 | G5: =SQRT(SUM($F$2:F5)/A5) -> 2590.0947 | H5: =IF(ABS(E5)/C5>0.2,0,1) -> 0 | I5: =IF(ABS(E5)/C5>0.1,0,1) -> 0
A6: 5 | B6: 5 | C6: 5000 | D6: 3957 | E6: =ABS(C6-D6) -> 1043 | F6: =POWER(E6,2) -> 1087849 | G6: =SQRT(SUM($F$2:F6)/A6) -> 2363.1425 | H6: =IF(ABS(E6)/C6>0.2,0,1) -> 0 | I6: =IF(ABS(E6)/C6>0.1,0,1) -> 0
A7: 6 | B7: 4 | C7: 5000 | D7: 3175 | E7: =ABS(C7-D7) -> 1825 | F7: =POWER(E7,2) -> 3330625 | G7: =SQRT(SUM($F$2:F7)/A7) -> 2282.2809 | H7: =IF(ABS(E7)/C7>0.2,0,1) -> 0 | I7: =IF(ABS(E7)/C7>0.1,0,1) -> 0
A8: 7 | B8: 5 | C8: 5000 | D8: 4098 | E8: =ABS(C8-D8) -> 902 | F8: =POWER(E8,2) -> 813604 | G8: =SQRT(SUM($F$2:F8)/A8) -> 2140.3084 | H8: =IF(ABS(E8)/C8>0.2,0,1) -> 1 | I8: =IF(ABS(E8)/C8>0.1,0,1) -> 0
A9: 8 | B9: 5 | C9: 5000 | D9: 3692 | E9: =ABS(C9-D9) -> 1308 | F9: =POWER(E9,2) -> 1710864 | G9: =SQRT(SUM($F$2:F9)/A9) -> 2054.7903 | H9: =IF(ABS(E9)/C9>0.2,0,1) -> 0 | I9: =IF(ABS(E9)/C9>0.1,0,1) -> 0
A10: 9 | B10: 5 | C10: 5000 | D10: 3775 | E10: =ABS(C10-D10) -> 1225 | F10: =POWER(E10,2) -> 1500625 | G10: =SQRT(SUM($F$2:F10)/A10) -> 1979.8409 | H10: =IF(ABS(E10)/C10>0.2,0,1) -> 0 | I10: =IF(ABS(E10)/C10>0.1,0,1) -> 0
A11: 10 | B11: 6 | C11: 5000 | D11: 3900 | E11: =ABS(C11-D11) -> 1100 | F11: =POWER(E11,2) -> 1210000 | G11: =SQRT(SUM($F$2:F11)/A11) -> 1910.1814 | H11: =IF(ABS(E11)/C11>0.2,0,1) -> 0 | I11: =IF(ABS(E11)/C11>0.1,0,1) -> 0
A12: 11 | B12: 6 | C12: 5000 | D12: 4573 | E12: =ABS(C12-D12) -> 427 | F12: =POWER(E12,2) -> 182329 | G12: =SQRT(SUM($F$2:F12)/A12) -> 1825.8313 | H12: =IF(ABS(E12)/C12>0.2,0,1) -> 1 | I12: =IF(ABS(E12)/C12>0.1,0,1) -> 1
A13: 12 | B13: 5 | C13: 5000 | D13: 3902 | E13: =ABS(C13-D13) -> 1098 | F13: =POWER(E13,2) -> 1205604 | G13: =SQRT(SUM($F$2:F13)/A13) -> 1776.604 | H13: =IF(ABS(E13)/C13>0.2,0,1) -> 0 | I13: =IF(ABS(E13)/C13>0.1,0,1) -> 0
... A1001: 1000 | B1001: 7 | C1001: 5000 | D1001: 5260 | E1001: =ABS(C1001-D1001) -> 260 | F1001: =POWER(E1001,2) -> 67600 | G1001: =SQRT(SUM($F$2:F1001)/A1001) -> 1285.6805 | H1001: =IF(ABS(E1001)/C1001>0.2,0,1) -> 1 | I1001: =IF(ABS(E1001)/C1001>0.1,0,1) -> 1

Sheet bayes
A1: # | B1: PC | C1: Setpoint | D1: Rate | E1: Error | F1: Error^2 | G1: RMSE | H1: Goal Range (20%) | I1: Goal Range (10%)
A2: 1 | B2: 1 | C2: 5000 | D2: 1355 | E2: =ABS(C2-D2) -> 3645 | F2: =POWER(E2,2) -> 13286025 | G2: =SQRT(SUM($F$2:F2)/A2) -> 3645 | H2: =IF(ABS(E2)/C2>0.2,0,1) -> 0 | I2: =IF(ABS(E2)/C2>0.1,0,1) -> 0
A3: 2 | B3: 5 | C3: 5000 | D3: 3581 | E3: =ABS(C3-D3) -> 1419 | F3: =POWER(E3,2) -> 2013561 | G3: =SQRT(SUM($F$2:F3)/A3) -> 2765.8259 | H3: =IF(ABS(E3)/C3>0.2,0,1) -> 0 | I3: =IF(ABS(E3)/C3>0.1,0,1) -> 0
A4: 3 | B4: 3 | C4: 5000 | D4: 1962 | E4: =ABS(C4-D4) -> 3038 | F4: =POWER(E4,2) -> 9229444 | G4: =SQRT(SUM($F$2:F4)/A4) -> 2859.4306 | H4: =IF(ABS(E4)/C4>0.2,0,1) -> 0 | I4: =IF(ABS(E4)/C4>0.1,0,1) -> 0
A5: 4 | B5: 5 | C5: 5000 | D5: 3999 | E5: =ABS(C5-D5) -> 1001 | F5: =POWER(E5,2) -> 1002001 | G5: =SQRT(SUM($F$2:F5)/A5) -> 2526.412 | H5: =IF(ABS(E5)/C5>0.2,0,1) -> 0 | I5: =IF(ABS(E5)/C5>0.1,0,1) -> 0
A6: 5 | B6: 4 | C6: 5000 | D6: 2970 | E6: =ABS(C6-D6) -> 2030 | F6: =POWER(E6,2) -> 4120900 | G6: =SQRT(SUM($F$2:F6)/A6) -> 2435.2384 | H6: =IF(ABS(E6)/C6>0.2,0,1) -> 0 | I6: =IF(ABS(E6)/C6>0.1,0,1) -> 0
A7: 6 | B7: 5 | C7: 5000 | D7: 3094 | E7: =ABS(C7-D7) -> 1906 | F7: =POWER(E7,2) -> 3632836 | G7: =SQRT(SUM($F$2:F7)/A7) -> 2355.3049 | H7: =IF(ABS(E7)/C7>0.2,0,1) -> 0 | I7: =IF(ABS(E7)/C7>0.1,0,1) -> 0
A8: 7 | B8: 6 | C8: 5000 | D8: 4772 | E8: =ABS(C8-D8) -> 228 | F8: =POWER(E8,2) -> 51984 | G8: =SQRT(SUM($F$2:F8)/A8) -> 2182.2908 | H8: =IF(ABS(E8)/C8>0.2,0,1) -> 1 | I8: =IF(ABS(E8)/C8>0.1,0,1) -> 1
A9: 8 | B9: 4 | C9: 5000 | D9: 3744 | E9: =ABS(C9-D9) -> 1256 | F9: =POWER(E9,2) -> 1577536 | G9: =SQRT(SUM($F$2:F9)/A9) -> 2089.0873 | H9: =IF(ABS(E9)/C9>0.2,0,1) -> 0 | I9: =IF(ABS(E9)/C9>0.1,0,1) -> 0
A10: 9 | B10: 5 | C10: 5000 | D10: 4079 | E10: =ABS(C10-D10) -> 921 | F10: =POWER(E10,2) -> 848241 | G10: =SQRT(SUM($F$2:F10)/A10) -> 1993.3926 | H10: =IF(ABS(E10)/C10>0.2,0,1) -> 1 | I10: =IF(ABS(E10)/C10>0.1,0,1) -> 0
A11: 10 | B11: 5 | C11: 5000 | D11: 4269 | E11: =ABS(C11-D11) -> 731 | F11: =POWER(E11,2) -> 534361 | G11: =SQRT(SUM($F$2:F11)/A11) -> 1905.1742 | H11: =IF(ABS(E11)/C11>0.2,0,1) -> 1 | I11: =IF(ABS(E11)/C11>0.1,0,1) -> 0
A12: 11 | B12: 5 | C12: 5000 | D12: 4128 | E12: =ABS(C12-D12) -> 872 | F12: =POWER(E12,2) -> 760384 | G12: =SQRT(SUM($F$2:F12)/A12) -> 1835.4408 | H12: =IF(ABS(E12)/C12>0.2,0,1) -> 1 | I12: =IF(ABS(E12)/C12>0.1,0,1) -> 0
A13: 12 | B13: 6 | C13: 5000 | D13: 4240 | E13: =ABS(C13-D13) -> 760 | F13: =POWER(E13,2) -> 577600 | G13: =SQRT(SUM($F$2:F13)/A13) -> 1770.9431 | H13: =IF(ABS(E13)/C13>0.2,0,1) -> 1 | I13: =IF(ABS(E13)/C13>0.1,0,1) -> 0
... A1001: 1000 | B1001: 8 | C1001: 5000 | D1001: 4287 | E1001: =ABS(C1001-D1001) -> 713 | F1001: =POWER(E1001,2) -> 508369 | G1001: =SQRT(SUM($F$2:F1001)/A1001) -> 1110.6999 | H1001: =IF(ABS(E1001)/C1001>0.2,0,1) -> 1 | I1001: =IF(ABS(E1001)/C1001>0.1,0,1) -> 0

Sheet spsa
A1: # | B1: PC | C1: Setpoint | D1: Rate | E1: Error | F1: Error^2 | G1: RMSE | H1: Goal Range (20%) | I1: Goal Range (10%)
A2: 1 | B2: 1 | C2: 5000 | D2: 1333 | E2: =ABS(C2-D2) -> 3667 | F2: =POWER(E2,2) -> 13446889 | G2: =SQRT(SUM($F$2:F2)/A2) -> 3667 | H2: =IF(ABS(E2)/C2>0.2,0,1) -> 0 | I2: =IF(ABS(E2)/C2>0.1,0,1) -> 0
A3: 2 | B3: 5 | C3: 5000 | D3: 4074 | E3: =ABS(C3-D3) -> 926 | F3: =POWER(E3,2) -> 857476 | G3: =SQRT(SUM($F$2:F3)/A3) -> 2674.3565 | H3: =IF(ABS(E3)/C3>0.2,0,1) -> 1 | I3: =IF(ABS(E3)/C3>0.1,0,1) -> 0
A4: 3 | B4: 2 | C4: 5000 | D4: 1855 | E4: =ABS(C4-D4) -> 3145 | F4: =POWER(E4,2) -> 9891025 | G4: =SQRT(SUM($F$2:F4)/A4) -> 2839.9173 | H4: =IF(ABS(E4)/C4>0.2,0,1) -> 0 | I4: =IF(ABS(E4)/C4>0.1,0,1) -> 0
A5: 4 | B5: 5 | C5: 5000 | D5: 3923 | E5: =ABS(C5-D5) -> 1077 | F5: =POWER(E5,2) -> 1159929 | G5: =SQRT(SUM($F$2:F5)/A5) -> 2517.7033 | H5: =IF(ABS(E5)/C5>0.2,0,1) -> 0 | I5: =IF(ABS(E5)/C5>0.1,0,1) -> 0
A6: 5 | B6: 4 | C6: 5000 | D6: 3175 | E6: =ABS(C6-D6) -> 1825 | F6: =POWER(E6,2) -> 3330625 | G6: =SQRT(SUM($F$2:F6)/A6) -> 2395.243 | H6: =IF(ABS(E6)/C6>0.2,0,1) -> 0 | I6: =IF(ABS(E6)/C6>0.1,0,1) -> 0
A7: 6 | B7: 5 | C7: 5000 | D7: 4164 | E7: =ABS(C7-D7) -> 836 | F7: =POWER(E7,2) -> 698896 | G7: =SQRT(SUM($F$2:F7)/A7) -> 2213.0236 | H7: =IF(ABS(E7)/C7>0.2,0,1) -> 1 | I7: =IF(ABS(E7)/C7>0.1,0,1) -> 0
A8: 7 | B8: 4 | C8: 5000 | D8: 3390 | E8: =ABS(C8-D8) -> 1610 | F8: =POWER(E8,2) -> 2592100 | G8: =SQRT(SUM($F$2:F8)/A8) -> 2137.3194 | H8: =IF(ABS(E8)/C8>0.2,0,1) -> 0 | I8: =IF(ABS(E8)/C8>0.1,0,1) -> 0
A9: 8 | B9: 5 | C9: 5000 | D9: 4576 | E9: =ABS(C9-D9) -> 424 | F9: =POWER(E9,2) -> 179776 | G9: =SQRT(SUM($F$2:F9)/A9) -> 2004.8914 | H9: =IF(ABS(E9)/C9>0.2,0,1) -> 1 | I9: =IF(ABS(E9)/C9>0.1,0,1) -> 1
A10: 9 | B10: 4 | C10: 5000 | D10: 3252 | E10: =ABS(C10-D10) -> 1748 | F10: =POWER(E10,2) -> 3055504 | G10: =SQRT(SUM($F$2:F10)/A10) -> 1977.9962 | H10: =IF(ABS(E10)/C10>0.2,0,1) -> 0 | I10: =IF(ABS(E10)/C10>0.1,0,1) -> 0
A11: 10 | B11: 6 | C11: 5000 | D11: 4659 | E11: =ABS(C11-D11) -> 341 | F11: =POWER(E11,2) -> 116281 | G11: =SQRT(SUM($F$2:F11)/A11) -> 1879.5877 | H11: =IF(ABS(E11)/C11>0.2,0,1) -> 1 | I11: =IF(ABS(E11)/C11>0.1,0,1) -> 1
A12: 11 | B12: 5 | C12: 5000 | D12: 4233 | E12: =ABS(C12-D12) -> 767 | F12: =POWER(E12,2) -> 588289 | G12: =SQRT(SUM($F$2:F12)/A12) -> 1806.9761 | H12: =IF(ABS(E12)/C12>0.2,0,1) -> 1 | I12: =IF(ABS(E12)/C12>0.1,0,1) -> 0
A13: 12 | B13: 5 | C13: 5000 | D13: 4239 | E13: =ABS(C13-D13) -> 761 | F13: =POWER(E13,2) -> 579121 | G13: =SQRT(SUM($F$2:F13)/A13) -> 1743.9398 | H13: =IF(ABS(E13)/C13>0.2,0,1) -> 1 | I13: =IF(ABS(E13)/C13>0.1,0,1) -> 0
... A1011: 1010 | B1011: 7 | C1011: 6000 | D1011: 4099 | E1011: =ABS(C1011-D1011) -> 1901 | F1011: =POWER(E1011,2) -> 3613801 | G1011: =SQRT(SUM($F$2:F1011)/A1011) -> 1212.2377 | H1011: =IF(ABS(E1011)/C1011>0.2,0,1) -> 0 | I1011: =IF(ABS(E1011)/C1011>0.1,0,1) -> 0

Sheet evolution
A1: # | B1: PC | C1: Setpoint | D1: Rate | E1: Error | F1: Error^2 | G1: RMSE | H1: Goal Range (20%) | I1: Goal Range (10%)
A2: 1 | B2: 1 | C2: 5000 | D2: 1333 | E2: =ABS(C2-D2) -> 3667 | F2: =POWER(E2,2) -> 13446889 | G2: =SQRT(SUM($F$2:F2)/A2) -> 3667 | H2: =IF(ABS(E2)/C2>0.2,0,1) -> 0 | I2: =IF(ABS(E2)/C2>0.1,0,1) -> 0
A3: 2 | B3: 5 | C3: 5000 | D3: 3400 | E3: =ABS(C3-D3) -> 1600 | F3: =POWER(E3,2) -> 2560000 | G3: =SQRT(SUM($F$2:F3)/A3) -> 2829.036 | H3: =IF(ABS(E3)/C3>0.2,0,1) -> 0 | I3: =IF(ABS(E3)/C3>0.1,0,1) -> 0
A4: 3 | B4: 3 | C4: 5000 | D4: 1956 | E4: =ABS(C4-D4) -> 3044 | F4: =POWER(E4,2) -> 9265936 | G4: =SQRT(SUM($F$2:F4)/A4) -> 2902.4602 | H4: =IF(ABS(E4)/C4>0.2,0,1) -> 0 | I4: =IF(ABS(E4)/C4>0.1,0,1) -> 0
A5: 4 | B5: 5 | C5: 5000 | D5: 4263 | E5: =ABS(C5-D5) -> 737 | F5: =POWER(E5,2) -> 543169 | G5: =SQRT(SUM($F$2:F5)/A5) -> 2540.4721 | H5: =IF(ABS(E5)/C5>0.2,0,1) -> 1 | I5: =IF(ABS(E5)/C5>0.1,0,1) -> 0
A6: 5 | B6: 3 | C6: 5000 | D6: 2212 | E6: =ABS(C6-D6) -> 2788 | F6: =POWER(E6,2) -> 7772944 | G6: =SQRT(SUM($F$2:F6)/A6) -> 2591.8695 | H6: =IF(ABS(E6)/C6>0.2,0,1) -> 0 | I6: =IF(ABS(E6)/C6>0.1,0,1) -> 0
A7: 6 | B7: 6 | C7: 5000 | D7: 4650 | E7: =ABS(C7-D7) -> 350 | F7: =POWER(E7,2) -> 122500 | G7: =SQRT(SUM($F$2:F7)/A7) -> 2370.3529 | H7: =IF(ABS(E7)/C7>0.2,0,1) -> 1 | I7: =IF(ABS(E7)/C7>0.1,0,1) -> 1
A8: 7 | B8: 4 | C8: 5000 | D8: 3422 | E8: =ABS(C8-D8) -> 1578 | F8: =POWER(E8,2) -> 2490084 | G8: =SQRT(SUM($F$2:F8)/A8) -> 2274.1253 | H8: =IF(ABS(E8)/C8>0.2,0,1) -> 0 | I8: =IF(ABS(E8)/C8>0.1,0,1) -> 0
A9: 8 | B9: 5 | C9: 5000 | D9: 3145 | E9: =ABS(C9-D9) -> 1855 | F9: =POWER(E9,2) -> 3441025 | G9: =SQRT(SUM($F$2:F9)/A9) -> 2226.0544 | H9: =IF(ABS(E9)/C9>0.2,0,1) -> 0 | I9: =IF(ABS(E9)/C9>0.1,0,1) -> 0
A10: 9 | B10: 6 | C10: 5000 | D10: 4123 | E10: =ABS(C10-D10) -> 877 | F10: =POWER(E10,2) -> 769129 | G10: =SQRT(SUM($F$2:F10)/A10) -> 2119.006 | H10: =IF(ABS(E10)/C10>0.2,0,1) -> 1 | I10: =IF(ABS(E10)/C10>0.1,0,1) -> 0
A11: 10 | B11: 5 | C11: 5000 | D11: 4070 | E11: =ABS(C11-D11) -> 930 | F11: =POWER(E11,2) -> 864900 | G11: =SQRT(SUM($F$2:F11)/A11) -> 2031.6638 | H11: =IF(ABS(E11)/C11>0.2,0,1) -> 1 | I11: =IF(ABS(E11)/C11>0.1,0,1) -> 0
A12: 11 | B12: 6 | C12: 5000 | D12: 4700 | E12: =ABS(C12-D12) -> 300 | F12: =POWER(E12,2) -> 90000 | G12: =SQRT(SUM($F$2:F12)/A12) -> 1939.2261 | H12: =IF(ABS(E12)/C12>0.2,0,1) -> 1 | I12: =IF(ABS(E12)/C12>0.1,0,1) -> 1
A13: 12 | B13: 5 | C13: 5000 | D13: 3271 | E13: =ABS(C13-D13) -> 1729 | F13: =POWER(E13,2) -> 2989441 | G13: =SQRT(SUM($F$2:F13)/A13) -> 1922.5854 | H13: =IF(ABS(E13)/C13>0.2,0,1) -> 0 | I13: =IF(ABS(E13)/C13>0.1,0,1) -> 0
... A1001: 1000 | B1001: 7 | C1001: 5000 | D1001: 4875 | E1001: =ABS(C1001-D1001) -> 125 | F1001: =POWER(E1001,2) -> 15625 | G1001: =SQRT(SUM($F$2:F1001)/A1001) -> 1113.1237 | H1001: =IF(ABS(E1001)/C1001>0.2,0,1) -> 1 | I1001: =IF(ABS(E1001)/C1001>0.1,0,1) -> 1

Sheet pso
A1: # | B1: PC | C1: Setpoint | D1: Rate | E1: Error | F1: Error^2 | G1: RMSE | H1: Goal Range (20%) | I1: Goal Range (10%)
A2: 1 | B2: 1 | C2: 5000 | D2: 1533 | E2: =ABS(C2-D2) -> 3467 | F2: =POWER(E2,2) -> 12020089 | G2: =SQRT(SUM($F$2:F2)/A2) -> 3467 | H2: =IF(ABS(E2)/C2>0.2,0,1) -> 0 | I2: =IF(ABS(E2)/C2>0.1,0,1) -> 0
A3: 2 | B3: 4 | C3: 5000 | D3: 3674 | E3: =ABS(C3-D3) -> 1326 | F3: =POWER(E3,2) -> 1758276 | G3: =SQRT(SUM($F$2:F3)/A3) -> 2624.7252 | H3: =IF(ABS(E3)/C3>0.2,0,1) -> 0 | I3: =IF(ABS(E3)/C3>0.1,0,1) -> 0
A4: 3 | B4: 3 | C4: 5000 | D4: 2769 | E4: =ABS(C4-D4) -> 2231 | F4: =POWER(E4,2) -> 4977361 | G4: =SQRT(SUM($F$2:F4)/A4) -> 2500.3817 | H4: =IF(ABS(E4)/C4>0.2,0,1) -> 0 | I4: =IF(ABS(E4)/C4>0.1,0,1) -> 0
A5: 4 | B5: 4 | C5: 5000 | D5: 3273 | E5: =ABS(C5-D5) -> 1727 | F5: =POWER(E5,2) -> 2982529 | G5: =SQRT(SUM($F$2:F5)/A5) -> 2331.2151 | H5: =IF(ABS(E5)/C5>0.2,0,1) -> 0 | I5: =IF(ABS(E5)/C5>0.1,0,1) -> 0
A6: 5 | B6: 4 | C6: 5000 | D6: 3170 | E6: =ABS(C6-D6) -> 1830 | F6: =POWER(E6,2) -> 3348900 | G6: =SQRT(SUM($F$2:F6)/A6) -> 2239.9623 | H6: =IF(ABS(E6)/C6>0.2,0,1) -> 0 | I6: =IF(ABS(E6)/C6>0.1,0,1) -> 0
A7: 6 | B7: 5 | C7: 5000 | D7: 3814 | E7: =ABS(C7-D7) -> 1186 | F7: =POWER(E7,2) -> 1406596 | G7: =SQRT(SUM($F$2:F7)/A7) -> 2101.3389 | H7: =IF(ABS(E7)/C7>0.2,0,1) -> 0 | I7: =IF(ABS(E7)/C7>0.1,0,1) -> 0
A8: 7 | B8: 4 | C8: 5000 | D8: 3567 | E8: =ABS(C8-D8) -> 1433 | F8: =POWER(E8,2) -> 2053489 | G8: =SQRT(SUM($F$2:F8)/A8) -> 2019.4497 | H8: =IF(ABS(E8)/C8>0.2,0,1) -> 0 | I8: =IF(ABS(E8)/C8>0.1,0,1) -> 0
A9: 8 | B9: 5 | C9: 5000 | D9: 4153 | E9: =ABS(C9-D9) -> 847 | F9: =POWER(E9,2) -> 717409 | G9: =SQRT(SUM($F$2:F9)/A9) -> 1912.6111 | H9: =IF(ABS(E9)/C9>0.2,0,1) -> 1 | I9: =IF(ABS(E9)/C9>0.1,0,1) -> 0
A10: 9 | B10: 5 | C10: 5000 | D10: 4264 | E10: =ABS(C10-D10) -> 736 | F10: =POWER(E10,2) -> 541696 | G10: =SQRT(SUM($F$2:F10)/A10) -> 1819.8396 | H10: =IF(ABS(E10)/C10>0.2,0,1) -> 1 | I10: =IF(ABS(E10)/C10>0.1,0,1) -> 0
A11: 10 | B11: 5 | C11: 5000 | D11: 4425 | E11: =ABS(C11-D11) -> 575 | F11: =POWER(E11,2) -> 330625 | G11: =SQRT(SUM($F$2:F11)/A11) -> 1736.0003 | H11: =IF(ABS(E11)/C11>0.2,0,1) -> 1 | I11: =IF(ABS(E11)/C11>0.1,0,1) -> 0
A12: 11 | B12: 5 | C12: 5000 | D12: 3977 | E12: =ABS(C12-D12) -> 1023 | F12: =POWER(E12,2) -> 1046529 | G12: =SQRT(SUM($F$2:F12)/A12) -> 1683.7053 | H12: =IF(ABS(E12)/C12>0.2,0,1) -> 0 | I12: =IF(ABS(E12)/C12>0.1,0,1) -> 0
A13: 12 | B13: 6 | C13: 5000 | D13: 4597 | E13: =ABS(C13-D13) -> 403 | F13: =POWER(E13,2) -> 162409 | G13: =SQRT(SUM($F$2:F13)/A13) -> 1616.2175 | H13: =IF(ABS(E13)/C13>0.2,0,1) -> 1 | I13: =IF(ABS(E13)/C13>0.1,0,1) -> 1
... A1001: 1000 | B1001: 8 | C1001: 5000 | D1001: 5476 | E1001: =ABS(C1001-D1001) -> 476 | F1001: =POWER(E1001,2) -> 226576 | G1001: =SQRT(SUM($F$2:F1001)/A1001) -> 1143.0461 | H1001: =IF(ABS(E1001)/C1001>0.2,0,1) -> 1 | I1001: =IF(ABS(E1001)/C1001>0.1,0,1) -> 1

Sheet static
A1: # | B1: PC | C1: Setpoint | D1: Rate | E1: Error | F1: Error^2 | G1: RMSE | H1: Goal Range (20%) | I1: Goal Range (10%)
A2: 1 | B2: 1 | C2: 5000 | D2: 3017 | E2: =ABS(C2-D2) -> 1983 | F2: =POWER(E2,2) -> 3932289 | G2: =SQRT(SUM($F$2:F2)/A2) -> 1983 | H2: =IF(ABS(E2)/C2>0.2,0,1) -> 0 | I2: =IF(ABS(E2)/C2>0.1,0,1) -> 0
A3: =A2+1 -> 2 | B3: 2 | C3: 5000 | D3: 1642 | E3: =ABS(C3-D3) -> 3358 | F3: =POWER(E3,2) -> 11276164 | G3: =SQRT(SUM($F$2:F3)/A3) -> 2757.5762 | H3: =IF(ABS(E3)/C3>0.2,0,1) -> 0 | I3: =IF(ABS(E3)/C3>0.1,0,1) -> 0
A4: =A3+1 -> 3 | B4: 5 | C4: 5000 | D4: 3324 | E4: =ABS(C4-D4) -> 1676 | F4: =POWER(E4,2) -> 2808976 | G4: =SQRT(SUM($F$2:F4)/A4) -> 2450.6753 | H4: =IF(ABS(E4)/C4>0.2,0,1) -> 0 | I4: =IF(ABS(E4)/C4>0.1,0,1) -> 0
A5: =A4+1 -> 4 | B5: 4 | C5: 5000 | D5: 3161 | E5: =ABS(C5-D5) -> 1839 | F5: =POWER(E5,2) -> 3381921 | G5: =SQRT(SUM($F$2:F5)/A5) -> 2312.9716 | H5: =IF(ABS(E5)/C5>0.2,0,1) -> 0 | I5: =IF(ABS(E5)/C5>0.1,0,1) -> 0
A6: =A5+1 -> 5 | B6: 4 | C6: 5000 | D6: 2446 | E6: =ABS(C6-D6) -> 2554 | F6: =POWER(E6,2) -> 6522916 | G6: =SQRT(SUM($F$2:F6)/A6) -> 2363.1448 | H6: =IF(ABS(E6)/C6>0.2,0,1) -> 0 | I6: =IF(ABS(E6)/C6>0.1,0,1) -> 0
A7: =A6+1 -> 6 | B7: 6 | C7: 5000 | D7: 4069 | E7: =ABS(C7-D7) -> 931 | F7: =POWER(E7,2) -> 866761 | G7: =SQRT(SUM($F$2:F7)/A7) -> 2190.4728 | H7: =IF(ABS(E7)/C7>0.2,0,1) -> 1 | I7: =IF(ABS(E7)/C7>0.1,0,1) -> 0
A8: =A7+1 -> 7 | B8: 4 | C8: 5000 | D8: 3330 | E8: =ABS(C8-D8) -> 1670 | F8: =POWER(E8,2) -> 2788900 | G8: =SQRT(SUM($F$2:F8)/A8) -> 2123.9427 | H8: =IF(ABS(E8)/C8>0.2,0,1) -> 0 | I8: =IF(ABS(E8)/C8>0.1,0,1) -> 0
A9: =A8+1 -> 8 | B9: 6 | C9: 5000 | D9: 4659 | E9: =ABS(C9-D9) -> 341 | F9: =POWER(E9,2) -> 116281 | G9: =SQRT(SUM($F$2:F9)/A9) -> 1990.4211 | H9: =IF(ABS(E9)/C9>0.2,0,1) -> 1 | I9: =IF(ABS(E9)/C9>0.1,0,1) -> 1
A10: =A9+1 -> 9 | B10: 4 | C10: 5000 | D10: 3043 | E10: =ABS(C10-D10) -> 1957 | F10: =POWER(E10,2) -> 3829849 | G10: =SQRT(SUM($F$2:F10)/A10) -> 1986.7354 | H10: =IF(ABS(E10)/C10>0.2,0,1) -> 0 | I10: =IF(ABS(E10)/C10>0.1,0,1) -> 0
A11: =A10+1 -> 10 | B11: 6 | C11: 5000 | D11: 4360 | E11: =ABS(C11-D11) -> 640 | F11: =POWER(E11,2) -> 409600 | G11: =SQRT(SUM($F$2:F11)/A11) -> 1895.6175 | H11: =IF(ABS(E11)/C11>0.2,0,1) -> 1 | I11: =IF(ABS(E11)/C11>0.1,0,1) -> 0
A12: =A11+1 -> 11 | B12: 5 | C12: 5000 | D12: 3901 | E12: =ABS(C12-D12) -> 1099 | F12: =POWER(E12,2) -> 1207801 | G12: =SQRT(SUM($F$2:F12)/A12) -> 1837.5245 | H12: =IF(ABS(E12)/C12>0.2,0,1) -> 0 | I12: =IF(ABS(E12)/C12>0.1,0,1) -> 0
A13: =A12+1 -> 12 | B13: 6 | C13: 5000 | D13: 4925 | E13: =ABS(C13-D13) -> 75 | F13: =POWER(E13,2) -> 5625 | G13: =SQRT(SUM($F$2:F13)/A13) -> 1759.429 | H13: =IF(ABS(E13)/C13>0.2,0,1) -> 1 | I13: =IF(ABS(E13)/C13>0.1,0,1) -> 1
A14: =A13+1 -> 13 | B14: 5 | C14: 5000 | D14: 3887 | E14: =ABS(C14-D14) -> 1113 | F14: =POWER(E14,2) -> 1238769 | G14: =SQRT(SUM($F$2:F14)/A14) -> 1718.3591 | H14: =IF(ABS(E14)/C14>0.2,0,1) -> 0 | I14: =IF(ABS(E14)/C14>0.1,0,1) -> 0
... A1001: =A1000+1 -> 1000 | B1001: 6 | C1001: 5000 | D1001: 5252 | E1001: =ABS(C1001-D1001) -> 252 | F1001: =POWER(E1001,2) -> 63504 | G1001: =SQRT(SUM($F$2:F1001)/A1001) -> 1234.9552 | H1001: =IF(ABS(E1001)/C1001>0.2,0,1) -> 1 | I1001: =IF(ABS(E1001)/C1001>0.1,0,1) -> 1

Sheet Summary
A1: Mode | B1: RMSE | C1: NRMSE(Max-Min) | D1: MAE | E1: GR (20%) | F1: GR (10%) | G1: Max (Overshoot %)
A2: Optuna | B2: =optuna!$G$1001 -> 1155.8877 | C2: =B2/(LARGE(optuna!$D$2:$D$1001,1)-SMALL(optuna!$D$1:$D$1001,1)) -> 0.11287966 | D2: =SUM(optuna!$E$2:$E$1001)/$B$15 -> 754.418 | E2: =COUNTIF(optuna!$H$2:$H$1001,1)/$B$15 -> 0.826 | F2: =COUNTIF(optuna!$I$2:$I$1001,1)/$B$15 -> 0.576 | G2: =(MAX(optuna!$D$2:$D$1001)-AVERAGE(optuna!$C$2:$C$1001))/AVERAGE(optuna!$C$2:$C$1001)*100 -> 70.369231
A3: RL | B3: =rl!$G$1000 -> 1286.2975 | C3: =B3/(LARGE(rl!$D$2:$D$1001,1)-SMALL(rl!$D$1:$D$1001,1)) -> 0.11600808 | D3: =SUM(rl!$E$2:$E$1001)/$B$15 -> 828.381 | E3: =COUNTIF(rl!$H$2:$H$1001,1)/$B$15 -> 0.808 | F3: =COUNTIF(rl!$I$2:$I$1001,1)/$B$15 -> 0.566 | G3: =(MAX(rl!$D$2:$D$1001)-AVERAGE(rl!$C$2:$C$1001))/AVERAGE(rl!$C$2:$C$1001)*100 -> 74.8
A4: SPSA | B4: =spsa!$G$1001 -> 1177.3309 | C4: =B4/(LARGE(spsa!$D$2:$D$1001,1)-SMALL(spsa!$D$1:$D$1001,1)) -> 0.10705928 | D4: =SUM(spsa!$E$2:$E$1001)/$B$15 -> 752.069 | E4: =COUNTIF(spsa!$H$2:$H$1001,1)/$B$15 -> 0.837 | F4: =COUNTIF(spsa!$I$2:$I$1001,1)/$B$15 -> 0.601 | G4: =(MAX(spsa!$D$2:$D$1001)-AVERAGE(spsa!$C$2:$C$1001))/AVERAGE(spsa!$C$2:$C$1001)*100 -> 78.476923
A5: Bayes | B5: =bayes!$G$1001 -> 1110.6999 | C5: =B5/(LARGE(bayes!$D$2:$D$1001,1)-SMALL(bayes!$D$1:$D$1001,1)) -> 0.1135685 | D5: =SUM(bayes!$E$2:$E$1001)/$B$15 -> 729.493 | E5: =COUNTIF(bayes!$H$2:$H$1001,1)/$B$15 -> 0.838 | F5: =COUNTIF(bayes!$I$2:$I$1001,1)/$B$15 -> 0.589 | G5: =(MAX(bayes!$D$2:$D$1001)-AVERAGE(bayes!$C$2:$C$1001))/AVERAGE(bayes!$C$2:$C$1001)*100 -> 63.230769
A6: Evolution | B6: =evolution!$G$1001 -> 1113.1237 | C6: =B6/(LARGE(evolution!$D$2:$D$1001,1)-SMALL(evolution!$D$1:$D$1001,1)) -> 0.11715859 | D6: =SUM(evolution!$E$2:$E$1001)/$B$15 -> 697.222 | E6: =COUNTIF(evolution!$H$2:$H$1001,1)/$B$15 -> 0.857 | F6: =COUNTIF(evolution!$I$2:$I$1001,1)/$B$15 -> 0.627 | G6: =(MAX(evolution!$D$2:$D$1001)-AVERAGE(evolution!$C$2:$C$1001))/AVERAGE(evolution!$C$2:$C$1001)*100 -> 59
A7: PSO | B7: =pso!$G$1001 -> 1143.0461 | C7: =B7/(LARGE(pso!$D$2:$D$1001,1)-SMALL(pso!$D$1:$D$1001,1)) -> 0.104445 | D7: =SUM(pso!$E$2:$E$1001)/$B$15 -> 742.862 | E7: =COUNTIF(pso!$H$2:$H$1001,1)/$B$15 -> 0.832 | F7: =COUNTIF(pso!$I$2:$I$1001,1)/$B$15 -> 0.595 | G7: =(MAX(pso!$D$2:$D$1001)-AVERAGE(pso!$C$2:$C$1001))/AVERAGE(pso!$C$2:$C$1001)*100 -> 69.846154
A8: Static | B8: =static!$G$1001 -> 1234.9552 | C8: =B8/(LARGE(static!$D$2:$D$1001,1)-SMALL(static!$D$1:$D$1001,1)) -> 0.11315331 | D8: =SUM(static!$E$2:$E$1001)/$B$15 -> 820.239 | E8: =COUNTIF(static!$H$2:$H$1001,1)/$B$15 -> 0.802 | F8: =COUNTIF(static!$I$2:$I$1001,1)/$B$15 -> 0.577 | G8: =(MAX(static!$D$2:$D$1001)-AVERAGE(static!$C$2:$C$1001))/AVERAGE(static!$C$2:$C$1001)*100 -> 82.738462
C10: =(B5-B8)/B5 -> -0.11187115
A12: Same Level Setpoint | B12: 100
A13: WindowSize | B13: 200
A14: Jitter | B14: On
A15: Samples | B15: 1000
